{
  "host": "segmentfault.com",
  "name": "segmentfault",
  "author": "dcLunatic",
  "version": "2020-06-28",
  "title_bs_args": [
    {
      "name": "a",
      "attrs": {
        "class": "text-body"
      }
    }
  ],
  "content_bs_args": [
    {
      "name": "article",
      "attrs": {}
    }
  ],
  "html_replaces": [
    [
      'src="https://cdn.segmentfault.com/v-5ef1b5ad/global/img/squares.svg" alt="图片描述" title="图片描述">',
      '>'
    ],
    [
      "data-src=\"",
      "src=\"https://segmentfault.com"
    ]
  ],
  "markdown_replaces": []
}