{
  "host": "www.woshipm.com",
  "name": "人人都是产品经理",
  "author": "wujiechun",
  "version": "2020-11-26",
  "title_bs_args": [
    {
      "name": "h2",
      "attrs": {
        "class": "article--title"
      }
    }
  ],
  "content_bs_args": [
    {
      "name": "div",
      "attrs": {
        "class": "article--content grap"
      }
    }
  ],
  "html_replaces": [
  ],
  "markdown_replaces": [
    [
      "!\[\]\(data:image/svg\+xml;utf8,<svg[\w\W]*?</svg>\)",
      ""
    ]
  ]
}
