{
  "host": "www.jianshu.com",
  "name": "简书",
  "author": "dcLunatic",
  "version": "2020-06-28",
  "title_bs_args": [
    {
      "name": "h1",
      "attrs": {
        "class": "_1RuRku"
      }
    }
  ],
  "content_bs_args": [
    {
      "name": "article",
      "attrs": {
        "class": "_2rhmJa"
      }
    }
  ],
  "html_replaces": [
    [
      "data-original-src=\"",
      "src=\"https:"
    ],
    [
      "<div class=\"image-caption\">.*?</div>",
      ""
    ]
  ],
  "markdown_replaces": [
    [
      "https://upload-\n",
      "https://upload-"
    ]
  ]
}