{
    "header": [
        " *   ",
        " *   如非需要调试，本文件可删除",
        " *   非专业人员可将本文件删除",
        " *   详细介绍请参考: https://bazhan.me/faq#INFO-JSON",
        " *   "
    ],
    "resources": [
        {
            "url": "http://www.ldzyw.cc/",
            "path": "index.html",
            "saved": true,
            "size": 47103,
            "children": [
                {
                    "url": "http://js.users.51.la/21171875.js",
                    "saved": false
                },
                {
                    "url": "http://www.ldzyw.cc/favicon.ico",
                    "path": "favicon.ico",
                    "saved": true,
                    "size": 0,
                    "children": []
                }
            ]
        }
    ],
    "alias": "www-ldzyw-cc-z0gg7j",
    "info": {
        "request": {
            "headers": {
                "accept": "text/html,*/*",
                "accept-language": "zh-CN,zh;q=0.9",
                "accept-encoding": "gzip",
                "cache-control": "no-cache",
                "cookie": "",
                "referer": "http://www.ldzyw.cc/",
                "user-agent": "Mozilla/5.0 (Windows NT 10.0; Win64; x64) AppleWebKit/537.36 (KHTML, like Gecko) Chrome/78.0.3904.108 Safari/537.36",
                "x-scraper-website": "https://bazhan.me/"
            }
        },
        "response": {
            "redirects": [],
            "responseUrl": "http://www.ldzyw.cc/",
            "statusCode": 200,
            "headers": {
                "server": "nginx",
                "date": "Tue, 10 Aug 2021 03:27:54 GMT",
                "content-type": "text/html",
                "last-modified": "Mon, 09 Aug 2021 14:00:55 GMT",
                "transfer-encoding": "chunked",
                "connection": "close",
                "vary": "Accept-Encoding",
                "set-cookie": [
                    "security_session_verify=c3767b684923c9e10960b951b35bb19e; expires=Fri, 13-Aug-21 11:27:54 GMT; path=/; HttpOnly"
                ],
                "etag": "W/\"61113517-b9df\""
            }
        },
        "time": {
            "start": "2021-08-10T03:27:51.716Z",
            "end": "2021-08-10T03:27:52.821Z"
        },
        "remark": [],
        "ip": "162.209.206.3",
        "url": "http://www.ldzyw.cc/",
        "main": "index.html",
        "domain": "www.ldzyw.cc",
        "origin": "http://www.ldzyw.cc",
        "totalSize": "47.1 kB"
    },
    "options": {
        "formatter": [],
        "url": "http://www.ldzyw.cc/",
        "referer": "",
        "cookies": "",
        "userAgent": "Mozilla/5.0 (Windows NT 10.0; Win64; x64) AppleWebKit/537.36 (KHTML, like Gecko) Chrome/78.0.3904.108 Safari/537.36",
        "filenameGenerator": "byType"
    }
}